{
  "val_loss": [
    0.07732994826597588,
    0.033286730980796514,
    0.03037202275123134,
    0.2732434398102983,
    0.03132163827681792,
    0.046334732463148155,
    0.09167143298643772,
    0.033065528321628256,
    0.030654268191309175,
    0.028394131159636182,
    0.02855013867091631,
    0.02788262433920787,
    0.02799934121371012,
    0.028027390417094542,
    0.02784552684523792,
    0.03369059958538719,
    0.028623540694259594,
    0.02962213884342775,
    0.028029854883761886,
    0.028455911260794536,
    0.029279135589740265,
    0.029073902679972837,
    0.029025126357397464,
    0.029855793133099502,
    0.032989928638127365,
    0.0290873298099456,
    0.03007653177167489,
    0.03031493517979283,
    0.028006613672336686,
    0.031077251482371972,
    0.028310975455896597,
    0.029162137673419214,
    0.029020728404137577,
    0.029868290067659082,
    0.028265068076864304,
    0.027947583122648924,
    0.028748038220523953,
    0.029775136642192848,
    0.028664051032860145,
    0.02776218383686147,
    0.031555351244163844,
    0.02867860477156589,
    0.027777830978733636,
    0.02818767827387168,
    0.02877942490104203,
    0.02781480851052242,
    0.02858513133234788,
    0.028333481305461622,
    0.028415607606173954,
    0.02807011121065817
  ],
  "val_acc": [
    0,
    0,
    0,
    0,
    0.0023364486329466383,
    0.0023364486329466383,
    0,
    0,
    0.0023364486329466383,
    0,
    0,
    0,
    0.0023364486329466383,
    0.004672897265893277,
    0,
    0,
    0,
    0.0023364486329466383,
    0,
    0,
    0.0023364486329466383,
    0,
    0,
    0,
    0,
    0.0023364486329466383,
    0.0023364486329466383,
    0.0023364486329466383,
    0.004672897265893277,
    0,
    0,
    0,
    0.0023364486329466383,
    0,
    0,
    0,
    0,
    0,
    0,
    0.0023364486329466383,
    0,
    0,
    0,
    0,
    0.0023364486329466383,
    0,
    0,
    0,
    0,
    0
  ],
  "loss": [
    0.39960982382297516,
    0.351984583735466,
    0.3157510574658712,
    0.3690121161937714,
    0.3335713235537211,
    0.32175780097643536,
    0.2607363362113635,
    0.24862719426552454,
    0.23117258151372275,
    0.21943494687477746,
    0.21495520780483882,
    0.202703302099059,
    0.239303035736084,
    0.1983762905995051,
    0.19219027509291967,
    0.18556811402241388,
    0.18094291259845097,
    0.1756286057829857,
    0.17175982435544332,
    0.16698329677184423,
    0.16229532122612,
    0.15922295580307644,
    0.15535347114006678,
    0.1520552929242452,
    0.14943066015839576,
    0.1453367805480957,
    0.1424003429710865,
    0.13902064820130666,
    0.13592654128869375,
    0.13304856956005096,
    0.13048730383316676,
    0.1277073380847772,
    0.12437672525644303,
    0.12202600474158923,
    0.119405713925759,
    0.11616278847058614,
    0.11447970534364382,
    0.112373003611962,
    0.11035544822613398,
    0.10763314937551817,
    0.10541939586400986,
    0.10315284962455432,
    0.10149212842186292,
    0.09937740340828896,
    0.09703582470615704,
    0.09559888616204262,
    0.09395935028791427,
    0.09233300904432933,
    0.090408130188783,
    0.0891340620815754
  ],
  "acc": [
    0,
    0.0006666666766007741,
    0.0006666666766007741,
    0.0006666666766007741,
    0.0006666666766007741,
    0,
    0,
    0.0006666666766007741,
    0,
    0,
    0.0006666666766007741,
    0.0020000000298023225,
    0,
    0,
    0.0013333333532015482,
    0.0006666666766007741,
    0.0006666666766007741,
    0.0013333333532015482,
    0,
    0,
    0.0013333333532015482,
    0,
    0.0006666666766007741,
    0.0006666666766007741,
    0,
    0.0006666666766007741,
    0.0026666667064030964,
    0.0013333333532015482,
    0.0013333333532015482,
    0.0006666666766007741,
    0.0013333333532015482,
    0.0013333333532015482,
    0.0006666666766007741,
    0,
    0.0013333333532015482,
    0.0013333333532015482,
    0,
    0.0006666666766007741,
    0.0006666666766007741,
    0.0006666666766007741,
    0.0020000000298023225,
    0.0013333333532015482,
    0.0006666666766007741,
    0.0020000000298023225,
    0,
    0,
    0.0006666666766007741,
    0,
    0.0006666666766007741,
    0.0013333333532015482
  ]
}